cause,value_agg_over_race_county
_all,58.62833671188207
_comm,34.93088609709253
_inj,5.3110874565718635
_ncd,18.386363158217673
